,train_loss,test_acc,test_error,GFN_losses,test_acc_OOD,test_error_OOD
0,1.2176168343805251,0.8993275316455697,12.79746835443038,14.379517605964173,0.4135021097046414,74.24472573839664
1,0.32597989739572747,0.9541139240506329,5.69620253164557,11.489183305848576,0.4852979957805907,65.35021097046413
