,train_loss,test_acc,test_error,GFN_losses,test_acc_OOD,test_error_OOD
0,2.250109774216155,0.195593341503268,102.61274509803921,0.26606265490138253,0.195593341503268,102.61274509803921
