,train_loss,test_acc,test_error,GFN_losses,test_acc_OOD,test_error_OOD,CIFAR_10C_acc
0,2.1309521576783954,0.19946598101265822,101.40506329113924,0.674593845161341,0.17780854430379747,104.0590717299578,0.2005313552188552
1,1.8851041515378186,0.2986550632911392,88.79746835443038,1.0965604453773823,0.225540611814346,97.97890295358651,0.2925610269360269
2,1.7421336330636574,0.2860957278481013,90.31645569620254,2.0318945757413314,0.21604694092826998,99.19409282700421,0.27997860549943887
3,1.7221765274549052,0.3873615506329114,77.79746835443038,1.167764462656894,0.2531975210970464,94.52742616033755,0.3659231200897868
4,1.534355346738857,0.4420490506329114,70.62025316455696,1.7697200694326627,0.2790743670886076,91.15611814345992,0.4163773148148148
