,train_loss,test_acc,test_error,GFN_losses,test_acc_OOD,test_error_OOD
0,2.267300543939681,0.195593341503268,102.61274509803921,0.23217676285394404,0.195593341503268,102.61274509803921
