,train_loss,test_acc,test_error,GFN_losses,test_acc_OOD,test_error_OOD,CIFAR_10C_acc
0,2.0145014663682366,0.2671083860759494,92.92405063291139,0.6518730149935867,0.2039491033755274,100.65400843881856,0.2582561728395062
1,1.7984660763810152,0.3462223101265823,83.0632911392405,1.0519313779422792,0.2436049578059071,95.78481012658227,0.32905267957351286
2,1.6681421638405236,0.39329509493670883,76.68354430379746,1.53215253858243,0.24729694092827012,95.25316455696202,0.3749456369248036
3,1.5226863835849902,0.46914556962025317,67.32911392405063,2.313365202839092,0.2870516877637131,90.40084388185655,0.4502472643097643
4,1.3645546840925287,0.5344145569620253,59.151898734177216,1.849715293464014,0.3091376582278481,87.60337552742615,0.49692936307519636
