,test_acc,test_error,test_acc_OOD,test_error_OOD,CIFAR_10C_acc
0,0.5235363924050633,60.36708860759494,0.3259823312236287,256.1392405063291,0.47306447746883984
