,train_loss,GFN_losses
0,1.6568499514089225,5.268826267387293
