,test_acc,test_error,test_acc_OOD,test_error_OOD,CIFAR_10C_acc
0,0.510878164556962,61.89873417721519,0.3014899789029536,264.67088607594934,0.41066185282837964
1,0.8334651898734177,21.139240506329113,0.4407964135021097,212.18987341772151,0.6615082694151486
2,0.867879746835443,16.734177215189874,0.4610363924050633,203.79746835443038,0.6911703020134228
3,0.8916139240506329,13.873417721518987,0.46110232067510554,204.41772151898735,0.6882565316395015
