Method,iid_accuracy,ood_accuracy
MLP_GFN_IECU_MLP_GFN_random_False_20220922170850,97.53046062407128,95.40043290043288
MLP_GFN_IECU_MLP_GFN_topdown_False_20220922171358,97.42644873699848,95.40043290043288
ARMMLP_IECU_ARMMLP_Contextual_20220922170447,97.99405646359584,95.40043290043288
ARMMLP_IECU_ARMMLP_Concrete_20220922170206,97.7994056463594,95.40043290043288
MLP_GFN_IECU_MLP_GFN_none_False_20220922171133,96.99851411589901,95.40043290043288
MLP_GFN_IECU_MLP_GFN_bottomup_False_20220922171746,97.37592867756314,95.40043290043288
MLP_GFN_IECU_MLP_GFN_upNdown_False_20220922172329,97.44427934621098,95.40043290043288
