,train_loss,test_acc,test_error,GFN_losses,test_acc_OOD,test_error_OOD
0,0.42336681206628546,0.953,470,1.0302848815917969,0.49879999999999997,470.0
1,0.1855341470644648,0.9586,413,1.0322003364562988,0.5180333333333333,413.0
2,0.15591349787330736,0.966,340,0.7677936553955078,0.5135000000000001,340.0
3,0.13622252474960767,0.9662,338,0.8818526268005371,0.5512666666666667,338.0
4,0.12433362344568624,0.9731,269,0.8636494874954224,0.5454,269.0
5,0.11275845591692214,0.9754,245,0.8216351866722107,0.5459999999999999,245.0
