,train_loss,test_acc,test_error,GFN_losses,test_acc_OOD,test_error_OOD
0,0.2713098025294785,0.9533,466,0,0.13560000000000003,466.0
1,0.10155259293297414,0.9709,291,0,0.14173333333333335,291.0
2,0.06825732214427284,0.9737,262,0,0.14856666666666665,262.0
3,0.05383638725764653,0.978,220,0,0.14446666666666666,220.0
4,0.04006679871510205,0.9663,336,0,0.12403333333333333,336.0
5,0.037664966047373474,0.9731,269,0,0.14296666666666666,269.0
