,test_acc,test_error,test_acc_OOD,test_error_OOD
0,0.9589596518987342,5.1645569620253164,0.4673325421940929,201.49367088607596
