,test_acc,test_error,test_acc_OOD,test_error_OOD,CIFAR_10C_acc
0,0.5622033227848101,55.32911392405063,0.31236814345991565,261.0253164556962,0.4780980345158197
