,test_acc,test_error,test_acc_OOD,test_error_OOD
0,0.9739912974683544,3.329113924050633,0.49495648734177217,191.9873417721519
