,test_acc,test_error,test_acc_OOD,test_error_OOD
0,0.8726256127450981,16.254901960784313,0.40915202886710245,226.04901960784315
