,test_acc,test_error,test_acc_OOD,test_error_OOD,CIFAR_10C_acc
0,0.5342167721518988,59.0,0.3041930379746835,263.7974683544304,0.4596116970278044
