,test_acc,test_error,test_acc_OOD,test_error_OOD
0,0.9757713607594937,3.0126582278481013,0.46924446202531656,202.65822784810126
