,test_acc,test_error,test_acc_OOD,test_error_OOD,CIFAR_10C_acc
0,0.5650712025316456,55.22784810126582,0.3162249472573839,258.8607594936709,0.4732891898370086
