,test_acc,test_error,test_acc_OOD,test_error_OOD,CIFAR_10C_acc
0,0.532931170886076,59.607594936708864,0.27844804852320676,274.56962025316454,0.4314702181208054
