,test_acc,test_error,test_acc_OOD,test_error_OOD
0,0.8762637867647058,15.740196078431373,0.39172709014161217,232.75980392156862
