,test_acc,test_error,test_acc_OOD,test_error_OOD
0,0.9361155063291139,8.08860759493671,0.48305643459915615,197.2405063291139
