,test_acc,test_error,test_acc_OOD,test_error_OOD
0,0.8539113562091504,18.642156862745097,0.40955627042483655,226.11274509803923
