,test_acc,test_error,test_acc_OOD,test_error_OOD
0,0.8746680964052288,15.96078431372549,0.4138242102396514,224.16176470588235
